{"tfjsVersion":"1.3.1","tmVersion":"2.4.5","packageVersion":"0.8.4-alpha2","packageName":"@teachablemachine/image","timeStamp":"2023-04-14T18:15:37.775Z","userMetadata":{},"modelName":"OtoscopI.A;","labels":["Normal","Otite Média Aguda - Bacteriana","Otite Média Crônica - Simples","Corpo Estranho","Cerume Impactado","Otite Externa Localizada","Pós Operatório: Timpanoplastia","Timpanoesclerose","Tubo de Ventilação: Shepard","Otite Externa Fúngica","Otite Externa Aguda - Difusa","OTITE MEDIA AGUDA - VIRAL ou INICIAL"],"imageSize":224}